<?xml version="1.0" encoding="UTF-8" standalone="yes"?>
<addon id="repository.mrfanta" name="MrFanta Repository" version="1.0" provider-name="MrFanta">
    <extension point="xbmc.addon.repository" name="MrFanta Repository">
    <dir>
        <info compressed="false">https://raw.githubusercontent.com/mrf4nta/mrf4nta/master/repo-mrfanta-1.0/addons.xml</info>
        <checksum>https://raw.githubusercontent.com/mrf4nta/mrf4nta/master/repo-mrfanta-1.0/addons.xml.md5</checksum>
        <datadir zip="true">https://raw.githubusercontent.com/mrf4nta/mrf4nta/master/repo-mrfanta-1.0/zips/</datadir>
    </dir>
    </extension>
    <extension point="xbmc.addon.metadata">
        <summary lang="en">MrFanta Repository</summary>
        <description lang="en">MrFanta Repository</description>
        <platform>all</platform>
        <forum></forum>
        <website></website>
    </extension>
</addon>